"CertInfoImportFileVersion","Acceptoutputno","FormType","ElectCertMgNo","CarId","ElectCertPublishdateE","ElectCertPublishdateY","ElectCertPublishdateM","ElectCertPublishdateD","GrantdateE","GrantdateY","GrantdateM","GrantdateD","TranspotationBureauchiefName","EntryNoCarNo","ReggrantdateE","ReggrantdateY","ReggrantdateM","ReggrantdateD","FirstregistdateE","FirstregistdateY","FirstregistdateM","CarName","CarNameCode","CarNo","Model","EngineModel","OwnernameLowLevelChar","OwnernameHighLevelChar","OwnerAddressChar","OwnerAddressNumValue","OwnerAddressCode","UsernameLowLevelChar","UsernameHighLevelChar","UserAddressChar","UserAddressNumValue","UserAddressCode","UseheadqrterChar","UseheadqrterNumValue","UseheadqrterCode","CarKind","Use","PrivateBusiness","CarShape","CarShapeCode","NoteCap","Cap","NoteMaxloadage","Maxloadage","NoteCarWgt","CarWgt","NoteCarTotalWgt","CarTotalWgt","NoteLength","Length","NoteWidth","Width","NoteHeight","Height","FfAxWgt","FrAxWgt","RfAxWgt","RrAxWgt","Displacement","FuelClass","ModelSpecifyNo","ClassifyAroundNo","ValidPeriodExpirdateE","ValidPeriodExpirdateY","ValidPeriodExpirdateM","ValidPeriodExpirdateD","NoteInfo","TwodimensionCodeInfoEntryNoCarNo","TwodimensionCodeInfoCarNo","TwodimensionCodeInfoValidPeriodExpirdate","TwodimensionCodeInfoModel","TwodimensionCodeInfoModelSpecifyNoClassifyAroundNo","TwodimensionCodeInfoCharInfo","TwodimensionCodeInfoEngineModel","TwodimensionCodeInfoCarNoStampPlace","TwodimensionCodeInfoFirstregistdate","TwodimensionCodeInfoFfAxWgt","TwodimensionCodeInfoFrAxWgt","TwodimensionCodeInfoRfAxWgt","TwodimensionCodeInfoRrAxWgt","TwodimensionCodeInfoNoiseReg","TwodimensionCodeInfoNearNoiseReg","TwodimensionCodeInfoDriveMethod","TwodimensionCodeInfoOpacimeterMeasCar","TwodimensionCodeInfoNoxPmMeasMode","TwodimensionCodeInfoNoxValue","TwodimensionCodeInfoPmValue","TwodimensionCodeInfoSafeStdDate","TwodimensionCodeInfoFuelClassCode","RegistCarLightCar"
"1.0","00907","Ａ","911230412173","T9468TV7757054","令和"," 5"," 8","21","令和"," 6"," 5","22","福岡運輸支局長","福岡　３３８　や　　５５６","令和"," 5"," 8","21","平成","26"," 5","トヨタ","[194]","ＴＲＨ２１４－００３６６８８","ＣＢＡ－ＴＲＨ２１４Ｗ","２ＴＲ","松本　竜也","松本　竜也","福岡県福岡市南区高木","３丁目５－１０－１０１","[40053 0224]","＊＊＊","＊＊＊","＊＊＊","","","＊＊＊","","","普　通","乗用","自家用","ステーションワゴン","[003]","","10","","-","","1990","","2540","","484","","188","","203","1140","-","-","850","2.69","ガソリン","","","令和"," 8"," 5","29","［福岡］，継続検査
自動車重量税額　￥３２，８００
［走行距離計表示値］８８，９００ｋｍ（令和６年５月２２日）
［旧走行距離計表示値］８０，１００ｋｍ（令和４年５月２０日）
平成１１年騒音規制車，近接排気騒音規制値　９６ｄＢ
マフラー加速騒音規制適用車
［受検種別］指定整備車
［検査時の点検整備実施状況］点検整備記録簿記載あり
［受検形態］指定整備工場
［整備工場コード］９１－０１２４１
［型式・類別］１２６０４・００３５","福岡　　３３８や　５５６","TRH214-0036688","260529","CBA-TRH214W","","A","2TR","-  ","1405","0114","-   ","-   ","0085","11","096","-","0","I","0002","-    ","140509","01","01"
